{
	"init" : 	{
		"C" : 		{
			"ratios" : 4,
			"names" : [ "1/1", "51/26", "53/52", "103/52" ]
		}
,
		"C#" : 		{
			"ratios" : 4,
			"names" : [ "16/15", "14/13", "27/26", "55/52" ]
		}
,
		"D" : 		{
			"ratios" : 5,
			"names" : [ "9/8", "15/13", "29/26", "57/52", "59/52" ]
		}
,
		"D#" : 		{
			"ratios" : 4,
			"names" : [ "6/5", "31/26", "61/52", "63/52" ]
		}
,
		"E" : 		{
			"ratios" : 4,
			"names" : [ "5/4", "16/13", "33/26", "67/52" ]
		}
,
		"F" : 		{
			"ratios" : 5,
			"names" : [ "4/3", "17/13", "35/26", "69/52", "71/52" ]
		}
,
		"F#" : 		{
			"ratios" : 5,
			"names" : [ "7/5", "18/13", "37/26", "73/52", "75/52" ]
		}
,
		"G" : 		{
			"ratios" : 5,
			"names" : [ "3/2", "20/13", "19/13", "77/52", "79/52" ]
		}
,
		"G#" : 		{
			"ratios" : 5,
			"names" : [ "8/5", "21/13", "41/26", "81/52", "83/52" ]
		}
,
		"A" : 		{
			"ratios" : 7,
			"names" : [ "5/3", "22/13", "43/26", "45/26", "85/52", "87/52", "89/52" ]
		}
,
		"A#" : 		{
			"ratios" : 5,
			"names" : [ "7/4", "23/13", "47/26", "93/52", "95/52" ]
		}
,
		"B" : 		{
			"ratios" : 7,
			"names" : [ "15/8", "24/13", "25/13", "49/26", "97/52", "99/52", "101/52" ]
		}

	}
,
	"C" : [ 1.0, 1.961538461538462, 1.019230769230769, 1.980769230769231 ],
	"C#" : [ 1.066666666666667, 1.076923076923077, 1.038461538461539, 1.057692307692308 ],
	"D" : [ 1.125, 1.153846153846154, 1.115384615384615, 1.096153846153846, 1.134615384615385 ],
	"D#" : [ 1.2, 1.192307692307692, 1.173076923076923, 1.211538461538462 ],
	"E" : [ 1.25, 1.230769230769231, 1.269230769230769, 1.288461538461539 ],
	"F" : [ 1.333333333333333, 1.307692307692308, 1.346153846153846, 1.326923076923077, 1.365384615384615 ],
	"F#" : [ 1.4, 1.384615384615385, 1.423076923076923, 1.403846153846154, 1.442307692307692 ],
	"G" : [ 1.5, 1.538461538461539, 1.461538461538462, 1.480769230769231, 1.519230769230769 ],
	"G#" : [ 1.6, 1.615384615384615, 1.576923076923077, 1.557692307692308, 1.596153846153846 ],
	"A" : [ 1.666666666666667, 1.692307692307693, 1.653846153846154, 1.730769230769231, 1.634615384615385, 1.673076923076923, 1.711538461538462 ],
	"A#" : [ 1.75, 1.769230769230769, 1.807692307692308, 1.788461538461539, 1.826923076923077 ],
	"B" : [ 1.875, 1.846153846153846, 1.923076923076923, 1.884615384615385, 1.865384615384615, 1.903846153846154, 1.942307692307693 ]
}
