{
	"init" : 	{
		"C" : 		{
			"ratios" : 1,
			"names" : "1/1"
		}
,
		"C#" : 		{
			"ratios" : 5,
			"names" : [ "25/24", "32/31", "1024/961", "31/30", "31/29" ]
		}
,
		"D" : 		{
			"ratios" : 5,
			"names" : [ "32768/29791", "176/155", "31/28", "31/27", "155/136" ]
		}
,
		"D#" : 		{
			"ratios" : 4,
			"names" : [ "2816/2325", "31/26", "93/80", "155/128" ]
		}
,
		"E" : 		{
			"ratios" : 4,
			"names" : [ "36864/29791", "31/24", "31/25", "155/120" ]
		}
,
		"F" : 		{
			"ratios" : 5,
			"names" : [ "1056/775", "31/23", "155/116", "155/114", "155/118" ]
		}
,
		"F#" : 		{
			"ratios" : 3,
			"names" : [ "44/31", "31/22", "155/112" ]
		}
,
		"G" : 		{
			"ratios" : 4,
			"names" : [ "3/2", "46/31", "47/31", "31/21" ]
		}
,
		"G#" : 		{
			"ratios" : 4,
			"names" : [ "48/31", "31/20", "31/19", "155/96" ]
		}
,
		"A" : 		{
			"ratios" : 4,
			"names" : [ "52/31", "31/18", "155/92", "155/90" ]
		}
,
		"A#" : 		{
			"ratios" : 6,
			"names" : [ "56/31", "31/17", "155/88", "155/86", "155/87", "155/89" ]
		}
,
		"B" : 		{
			"ratios" : 5,
			"names" : [ "60/31", "31/16", "155/81", "155/82", "155/84" ]
		}

	}
,
	"C" : 1.0,
	"C#" : [ 1.041666666666667, 1.032258064516129, 1.065556711758585, 1.033333333333333, 1.068965517241379 ],
	"D" : [ 1.099929508912088, 1.135483870967742, 1.107142857142857, 1.148148148148148, 1.139705882352941 ],
	"D#" : [ 1.211182795698925, 1.192307692307692, 1.1625, 1.2109375 ],
	"E" : [ 1.237420697526098, 1.291666666666667, 1.24, 1.291666666666667 ],
	"F" : [ 1.36258064516129, 1.347826086956522, 1.336206896551724, 1.359649122807018, 1.313559322033898 ],
	"F#" : [ 1.419354838709677, 1.409090909090909, 1.383928571428571 ],
	"G" : [ 1.5, 1.483870967741935, 1.516129032258065, 1.476190476190476 ],
	"G#" : [ 1.548387096774194, 1.55, 1.631578947368421, 1.614583333333333 ],
	"A" : [ 1.67741935483871, 1.722222222222222, 1.684782608695652, 1.722222222222222 ],
	"A#" : [ 1.806451612903226, 1.823529411764706, 1.761363636363636, 1.802325581395349, 1.781609195402299, 1.741573033707865 ],
	"B" : [ 1.935483870967742, 1.9375, 1.91358024691358, 1.890243902439025, 1.845238095238095 ]
}
