{
	"init" : 	{
		"C" : 		{
			"ratios" : 7,
			"names" : [ "1/1", "59/30", "61/60", "117/60", "119/60", "121/120", "123/120" ]
		}
,
		"C#" : 		{
			"ratios" : 7,
			"names" : [ "16/15", "31/30", "63/60", "65/60", "125/120", "127/120", "129/120" ]
		}
,
		"D" : 		{
			"ratios" : 7,
			"names" : [ "9/8", "17/15", "33/30", "67/60", "69/60", "131/120", "133/120" ]
		}
,
		"D#" : 		{
			"ratios" : 5,
			"names" : [ "6/5", "18/15", "35/30", "71/60", "73/60" ]
		}
,
		"E" : 		{
			"ratios" : 5,
			"names" : [ "5/4", "19/15", "37/30", "75/60", "77/60" ]
		}
,
		"F" : 		{
			"ratios" : 6,
			"names" : [ "4/3", "20/15", "39/30", "41/30", "79/60", "81/60" ]
		}
,
		"F#" : 		{
			"ratios" : 6,
			"names" : [ "7/5", "21/15", "43/30", "83/60", "85/60", "87/60" ]
		}
,
		"G" : 		{
			"ratios" : 6,
			"names" : [ "3/2", "22/15", "23/15", "45/30", "89/60", "91/60" ]
		}
,
		"G#" : 		{
			"ratios" : 7,
			"names" : [ "8/5", "24/15", "47/30", "49/30", "93/60", "95/60", "97/60" ]
		}
,
		"A" : 		{
			"ratios" : 6,
			"names" : [ "5/3", "25/15", "51/30", "99/60", "101/60", "103/60" ]
		}
,
		"A#" : 		{
			"ratios" : 8,
			"names" : [ "7/4", "26/15", "27/15", "53/30", "55/30", "105/60", "107/60", "109/60" ]
		}
,
		"B" : 		{
			"ratios" : 7,
			"names" : [ "15/8", "28/15", "29/15", "57/30", "111/60", "113/60", "115/60" ]
		}

	}
,
	"C" : [ 1.0, 1.966666666666667, 1.016666666666667, 1.95, 1.983333333333333, 1.008333333333333, 1.025 ],
	"C#" : [ 1.066666666666667, 1.033333333333333, 1.05, 1.083333333333333, 1.041666666666667, 1.058333333333333, 1.075 ],
	"D" : [ 1.125, 1.133333333333333, 1.1, 1.116666666666667, 1.15, 1.091666666666667, 1.108333333333333 ],
	"D#" : [ 1.2, 1.2, 1.166666666666667, 1.183333333333333, 1.216666666666667 ],
	"E" : [ 1.25, 1.266666666666667, 1.233333333333333, 1.25, 1.283333333333333 ],
	"F" : [ 1.333333333333333, 1.333333333333333, 1.3, 1.366666666666667, 1.316666666666667, 1.35 ],
	"F#" : [ 1.4, 1.4, 1.433333333333333, 1.383333333333333, 1.416666666666667, 1.45 ],
	"G" : [ 1.5, 1.466666666666667, 1.533333333333333, 1.5, 1.483333333333333, 1.516666666666667 ],
	"G#" : [ 1.6, 1.6, 1.566666666666667, 1.633333333333333, 1.55, 1.583333333333333, 1.616666666666667 ],
	"A" : [ 1.666666666666667, 1.666666666666667, 1.7, 1.65, 1.683333333333333, 1.716666666666667 ],
	"A#" : [ 1.75, 1.733333333333333, 1.8, 1.766666666666667, 1.833333333333333, 1.75, 1.783333333333333, 1.816666666666667 ],
	"B" : [ 1.875, 1.866666666666667, 1.933333333333333, 1.9, 1.85, 1.883333333333333, 1.916666666666667 ]
}
