{
	"init" : 	{
		"C" : 		{
			"ratios" : 5,
			"names" : [ "1/1", "39/20", "41/40", "79/40", "81/80" ]
		}
,
		"C#" : 		{
			"ratios" : 6,
			"names" : [ "16/15", "21/20", "43/40", "83/80", "85/80", "87/80" ]
		}
,
		"D" : 		{
			"ratios" : 6,
			"names" : [ "9/8", "11/10", "23/20", "45/40", "89/80", "91/80" ]
		}
,
		"D#" : 		{
			"ratios" : 5,
			"names" : [ "6/5", "47/40", "93/80", "95/80", "97/80" ]
		}
,
		"E" : 		{
			"ratios" : 7,
			"names" : [ "5/4", "25/20", "49/40", "51/40", "99/80", "101/80", "103/80" ]
		}
,
		"F" : 		{
			"ratios" : 7,
			"names" : [ "4/3", "13/10", "27/20", "53/40", "105/80", "107/80", "109/80" ]
		}
,
		"F#" : 		{
			"ratios" : 7,
			"names" : [ "7/5", "29/20", "55/40", "57/40", "111/80", "113/80", "115/80" ]
		}
,
		"G" : 		{
			"ratios" : 8,
			"names" : [ "3/2", "15/10", "59/40", "61/40", "117/80", "119/80", "121/80", "123/80" ]
		}
,
		"G#" : 		{
			"ratios" : 6,
			"names" : [ "8/5", "31/20", "63/40", "65/40", "125/80", "127/80" ]
		}
,
		"A" : 		{
			"ratios" : 5,
			"names" : [ "5/3", "17/10", "33/20", "67/40", "69/40" ]
		}
,
		"A#" : 		{
			"ratios" : 5,
			"names" : [ "7/4", "9/5", "35/20", "71/40", "73/40" ]
		}
,
		"B" : 		{
			"ratios" : 5,
			"names" : [ "15/8", "19/10", "37/20", "75/40", "77/40" ]
		}

	}
,
	"C" : [ 1.0, 1.95, 1.025, 1.975, 1.0125 ],
	"C#" : [ 1.066666666666667, 1.05, 1.075, 1.0375, 1.0625, 1.0875 ],
	"D" : [ 1.125, 1.1, 1.15, 1.125, 1.1125, 1.1375 ],
	"D#" : [ 1.2, 1.175, 1.1625, 1.1875, 1.2125 ],
	"E" : [ 1.25, 1.25, 1.225, 1.275, 1.2375, 1.2625, 1.2875 ],
	"F" : [ 1.333333333333333, 1.3, 1.35, 1.325, 1.3125, 1.3375, 1.3625 ],
	"F#" : [ 1.4, 1.45, 1.375, 1.425, 1.3875, 1.4125, 1.4375 ],
	"G" : [ 1.5, 1.5, 1.475, 1.525, 1.4625, 1.4875, 1.5125, 1.5375 ],
	"G#" : [ 1.6, 1.55, 1.575, 1.625, 1.5625, 1.5875 ],
	"A" : [ 1.666666666666667, 1.7, 1.65, 1.675, 1.725 ],
	"A#" : [ 1.75, 1.8, 1.75, 1.775, 1.825 ],
	"B" : [ 1.875, 1.9, 1.85, 1.875, 1.925 ]
}
