{
	"init" : 	{
		"C" : 		{
			"ratios" : 3,
			"names" : [ "1/1", "55/28", "43/22" ]
		}
,
		"C#" : 		{
			"ratios" : 5,
			"names" : [ "16/15", "15/14", "29/28", "12/11", "23/22" ]
		}
,
		"D" : 		{
			"ratios" : 4,
			"names" : [ "9/8", "8/7", "31/28", "25/22" ]
		}
,
		"D#" : 		{
			"ratios" : 4,
			"names" : [ "6/5", "17/14", "33/28", "13/11" ]
		}
,
		"E" : 		{
			"ratios" : 4,
			"names" : [ "5/4", "9/7", "14/11", "27/22" ]
		}
,
		"F" : 		{
			"ratios" : 5,
			"names" : [ "4/3", "19/14", "37/28", "15/11", "29/22" ]
		}
,
		"F#" : 		{
			"ratios" : 5,
			"names" : [ "7/5", "10/7", "39/28", "16/11", "31/22" ]
		}
,
		"G" : 		{
			"ratios" : 3,
			"names" : [ "3/2", "41/28", "43/28" ]
		}
,
		"G#" : 		{
			"ratios" : 5,
			"names" : [ "8/5", "11/7", "45/28", "17/11", "35/22" ]
		}
,
		"A" : 		{
			"ratios" : 7,
			"names" : [ "5/3", "12/7", "23/14", "47/28", "18/11", "19/11", "37/22" ]
		}
,
		"A#" : 		{
			"ratios" : 5,
			"names" : [ "7/4", "25/14", "51/28", "20/11", "39/22" ]
		}
,
		"B" : 		{
			"ratios" : 6,
			"names" : [ "15/8", "13/7", "27/14", "53/28", "21/11", "41/22" ]
		}

	}
,
	"C" : [ 1.0, 1.964285714285714, 1.954545454545455 ],
	"C#" : [ 1.066666666666667, 1.071428571428571, 1.035714285714286, 1.090909090909091, 1.045454545454545 ],
	"D" : [ 1.125, 1.142857142857143, 1.107142857142857, 1.136363636363636 ],
	"D#" : [ 1.2, 1.214285714285714, 1.178571428571429, 1.181818181818182 ],
	"E" : [ 1.25, 1.285714285714286, 1.272727272727273, 1.227272727272727 ],
	"F" : [ 1.333333333333333, 1.357142857142857, 1.321428571428571, 1.363636363636364, 1.318181818181818 ],
	"F#" : [ 1.4, 1.428571428571428, 1.392857142857143, 1.454545454545455, 1.409090909090909 ],
	"G" : [ 1.5, 1.464285714285714, 1.535714285714286 ],
	"G#" : [ 1.6, 1.571428571428571, 1.607142857142857, 1.545454545454545, 1.590909090909091 ],
	"A" : [ 1.666666666666667, 1.714285714285714, 1.642857142857143, 1.678571428571428, 1.636363636363636, 1.727272727272727, 1.681818181818182 ],
	"A#" : [ 1.75, 1.785714285714286, 1.821428571428571, 1.818181818181818, 1.772727272727273 ],
	"B" : [ 1.875, 1.857142857142857, 1.928571428571428, 1.892857142857143, 1.909090909090909, 1.863636363636364 ]
}
