{
	"init" : 	{
		"C" : 		{
			"ratios" : 8,
			"names" : [ "1/1", "55/28", "43/22", "208/105", "108/105", "106/105", "96/49", "50/49" ]
		}
,
		"C#" : 		{
			"ratios" : 9,
			"names" : [ "16/15", "15/14", "29/28", "12/11", "23/22", "112/105", "52/49", "25/24", "625/576" ]
		}
,
		"D" : 		{
			"ratios" : 7,
			"names" : [ "9/8", "8/7", "31/28", "25/22", "116/105", "56/49", "15625/13824" ]
		}
,
		"D#" : 		{
			"ratios" : 7,
			"names" : [ "6/5", "17/14", "33/28", "13/11", "128/105", "124/105", "60/49" ]
		}
,
		"E" : 		{
			"ratios" : 5,
			"names" : [ "5/4", "9/7", "14/11", "27/22", "136/105" ]
		}
,
		"F" : 		{
			"ratios" : 8,
			"names" : [ "4/3", "19/14", "37/28", "15/11", "29/22", "144/105", "140/105", "64/49" ]
		}
,
		"F#" : 		{
			"ratios" : 8,
			"names" : [ "7/5", "10/7", "39/28", "16/11", "31/22", "152/105", "148/105", "68/49" ]
		}
,
		"G" : 		{
			"ratios" : 6,
			"names" : [ "3/2", "41/28", "43/28", "160/105", "156/105", "72/49" ]
		}
,
		"G#" : 		{
			"ratios" : 8,
			"names" : [ "8/5", "11/7", "45/28", "17/11", "35/22", "164/105", "80/49", "76/49" ]
		}
,
		"A" : 		{
			"ratios" : 10,
			"names" : [ "5/3", "12/7", "23/14", "47/28", "18/11", "19/11", "37/22", "176/105", "172/105", "84/49" ]
		}
,
		"A#" : 		{
			"ratios" : 9,
			"names" : [ "7/4", "25/14", "51/28", "20/11", "39/22", "192/105", "184/105", "188/105", "88/49" ]
		}
,
		"B" : 		{
			"ratios" : 10,
			"names" : [ "15/8", "13/7", "27/14", "53/28", "21/11", "41/22", "200/105", "196/105", "204/105", "92/49" ]
		}

	}
,
	"C" : [ 1.0, 1.964285714285714, 1.954545454545455, 1.980952380952381, 1.028571428571429, 1.00952380952381, 1.959183673469388, 1.020408163265306 ],
	"C#" : [ 1.066666666666667, 1.071428571428571, 1.035714285714286, 1.090909090909091, 1.045454545454545, 1.066666666666667, 1.061224489795918, 1.041666666666667, 1.085069444444444 ],
	"D" : [ 1.125, 1.142857142857143, 1.107142857142857, 1.136363636363636, 1.104761904761905, 1.142857142857143, 1.130280671296296 ],
	"D#" : [ 1.2, 1.214285714285714, 1.178571428571429, 1.181818181818182, 1.219047619047619, 1.180952380952381, 1.224489795918367 ],
	"E" : [ 1.25, 1.285714285714286, 1.272727272727273, 1.227272727272727, 1.295238095238095 ],
	"F" : [ 1.333333333333333, 1.357142857142857, 1.321428571428571, 1.363636363636364, 1.318181818181818, 1.371428571428571, 1.333333333333333, 1.306122448979592 ],
	"F#" : [ 1.4, 1.428571428571428, 1.392857142857143, 1.454545454545455, 1.409090909090909, 1.447619047619048, 1.40952380952381, 1.387755102040816 ],
	"G" : [ 1.5, 1.464285714285714, 1.535714285714286, 1.523809523809524, 1.485714285714286, 1.469387755102041 ],
	"G#" : [ 1.6, 1.571428571428571, 1.607142857142857, 1.545454545454545, 1.590909090909091, 1.561904761904762, 1.63265306122449, 1.551020408163265 ],
	"A" : [ 1.666666666666667, 1.714285714285714, 1.642857142857143, 1.678571428571428, 1.636363636363636, 1.727272727272727, 1.681818181818182, 1.676190476190476, 1.638095238095238, 1.714285714285714 ],
	"A#" : [ 1.75, 1.785714285714286, 1.821428571428571, 1.818181818181818, 1.772727272727273, 1.828571428571429, 1.752380952380953, 1.790476190476191, 1.795918367346939 ],
	"B" : [ 1.875, 1.857142857142857, 1.928571428571428, 1.892857142857143, 1.909090909090909, 1.863636363636364, 1.904761904761905, 1.866666666666667, 1.942857142857143, 1.877551020408163 ]
}
