{
	"init" : 	{
		"C" : 		{
			"ratios" : 4,
			"names" : [ "1/1", "152/77", "78/77", "150/77" ]
		}
,
		"C#" : 		{
			"ratios" : 4,
			"names" : [ "16/15", "80/77", "84/77", "82/77" ]
		}
,
		"D" : 		{
			"ratios" : 3,
			"names" : [ "9/8", "88/77", "86/77" ]
		}
,
		"D#" : 		{
			"ratios" : 4,
			"names" : [ "6/5", "92/77", "90/77", "94/77" ]
		}
,
		"E" : 		{
			"ratios" : 3,
			"names" : [ "5/4", "96/77", "98/77" ]
		}
,
		"F" : 		{
			"ratios" : 4,
			"names" : [ "4/3", "104/77", "100/77", "102/77" ]
		}
,
		"F#" : 		{
			"ratios" : 5,
			"names" : [ "7/5", "112/77", "108/77", "106/77", "110/77" ]
		}
,
		"G" : 		{
			"ratios" : 4,
			"names" : [ "3/2", "116/77", "114/77", "118/77" ]
		}
,
		"G#" : 		{
			"ratios" : 4,
			"names" : [ "8/5", "120/77", "124/77", "122/77" ]
		}
,
		"A" : 		{
			"ratios" : 5,
			"names" : [ "5/3", "128/77", "132/77", "126/77", "130/77" ]
		}
,
		"A#" : 		{
			"ratios" : 5,
			"names" : [ "7/4", "136/77", "140/77", "134/77", "138/77" ]
		}
,
		"B" : 		{
			"ratios" : 5,
			"names" : [ "15/8", "144/77", "148/77", "142/77", "146/77" ]
		}

	}
,
	"C" : [ 1.0, 1.974025974025974, 1.012987012987013, 1.948051948051948 ],
	"C#" : [ 1.066666666666667, 1.038961038961039, 1.090909090909091, 1.064935064935065 ],
	"D" : [ 1.125, 1.142857142857143, 1.116883116883117 ],
	"D#" : [ 1.2, 1.194805194805195, 1.168831168831169, 1.220779220779221 ],
	"E" : [ 1.25, 1.246753246753247, 1.272727272727273 ],
	"F" : [ 1.333333333333333, 1.350649350649351, 1.298701298701299, 1.324675324675325 ],
	"F#" : [ 1.4, 1.454545454545455, 1.402597402597403, 1.376623376623377, 1.428571428571429 ],
	"G" : [ 1.5, 1.506493506493507, 1.480519480519481, 1.532467532467533 ],
	"G#" : [ 1.6, 1.558441558441559, 1.61038961038961, 1.584415584415584 ],
	"A" : [ 1.666666666666667, 1.662337662337662, 1.714285714285714, 1.636363636363636, 1.688311688311688 ],
	"A#" : [ 1.75, 1.766233766233766, 1.818181818181818, 1.74025974025974, 1.792207792207792 ],
	"B" : [ 1.875, 1.87012987012987, 1.922077922077922, 1.844155844155844, 1.896103896103896 ]
}
