{
	"init" : 	{
		"C" : 		{
			"ratios" : 3,
			"names" : [ "1/1", "61/31", "63/62" ]
		}
,
		"C#" : 		{
			"ratios" : 5,
			"names" : [ "16/15", "32/31", "33/31", "65/62", "67/62" ]
		}
,
		"D" : 		{
			"ratios" : 5,
			"names" : [ "9/8", "34/31", "35/31", "69/62", "71/62" ]
		}
,
		"D#" : 		{
			"ratios" : 5,
			"names" : [ "6/5", "36/31", "37/31", "73/62", "75/62" ]
		}
,
		"E" : 		{
			"ratios" : 6,
			"names" : [ "5/4", "40/31", "38/31", "39/31", "77/62", "79/62" ]
		}
,
		"F" : 		{
			"ratios" : 6,
			"names" : [ "4/3", "42/31", "41/31", "81/62", "83/62", "85/62" ]
		}
,
		"F#" : 		{
			"ratios" : 6,
			"names" : [ "7/5", "44/31", "43/31", "45/31", "87/62", "89/62" ]
		}
,
		"G" : 		{
			"ratios" : 6,
			"names" : [ "3/2", "46/31", "47/31", "91/62", "93/62", "95/62" ]
		}
,
		"G#" : 		{
			"ratios" : 7,
			"names" : [ "8/5", "48/31", "50/31", "49/31", "97/62", "99/62", "101/62" ]
		}
,
		"A" : 		{
			"ratios" : 7,
			"names" : [ "5/3", "52/31", "51/31", "53/31", "103/62", "105/62", "107/62" ]
		}
,
		"A#" : 		{
			"ratios" : 7,
			"names" : [ "7/4", "56/31", "54/31", "55/31", "109/62", "111/62", "113/62" ]
		}
,
		"B" : 		{
			"ratios" : 5,
			"names" : [ "15/8", "60/31", "58/31", "57/31", "59/31" ]
		}

	}
,
	"C" : [ 1.0, 1.967741935483871, 1.016129032258065 ],
	"C#" : [ 1.066666666666667, 1.032258064516129, 1.064516129032258, 1.048387096774194, 1.080645161290323 ],
	"D" : [ 1.125, 1.096774193548387, 1.129032258064516, 1.112903225806452, 1.145161290322581 ],
	"D#" : [ 1.2, 1.161290322580645, 1.193548387096774, 1.17741935483871, 1.209677419354839 ],
	"E" : [ 1.25, 1.290322580645161, 1.225806451612903, 1.258064516129032, 1.241935483870968, 1.274193548387097 ],
	"F" : [ 1.333333333333333, 1.354838709677419, 1.32258064516129, 1.306451612903226, 1.338709677419355, 1.370967741935484 ],
	"F#" : [ 1.4, 1.419354838709677, 1.387096774193548, 1.451612903225806, 1.403225806451613, 1.435483870967742 ],
	"G" : [ 1.5, 1.483870967741935, 1.516129032258065, 1.467741935483871, 1.5, 1.532258064516129 ],
	"G#" : [ 1.6, 1.548387096774194, 1.612903225806452, 1.580645161290323, 1.564516129032258, 1.596774193548387, 1.629032258064516 ],
	"A" : [ 1.666666666666667, 1.67741935483871, 1.645161290322581, 1.709677419354839, 1.661290322580645, 1.693548387096774, 1.725806451612903 ],
	"A#" : [ 1.75, 1.806451612903226, 1.741935483870968, 1.774193548387097, 1.758064516129032, 1.790322580645161, 1.82258064516129 ],
	"B" : [ 1.875, 1.935483870967742, 1.870967741935484, 1.838709677419355, 1.903225806451613 ]
}
