{
	"init" : 	{
		"C" : 		{
			"ratios" : 1,
			"names" : [ "def" ]
		}
,
		"C#" : 		{
			"ratios" : 6,
			"names" : [ "def", "12/11", "13/12", "14/13", "15/14", "16/15" ]
		}
,
		"D" : 		{
			"ratios" : 5,
			"names" : [ "def", "8/7", "9/8", "10/9", "11/10" ]
		}
,
		"D#" : 		{
			"ratios" : 3,
			"names" : [ "def", "6/5", "7/6" ]
		}
,
		"E" : 		{
			"ratios" : 3,
			"names" : [ "def", "5/4", "9/7" ]
		}
,
		"F" : 		{
			"ratios" : 2,
			"names" : [ "def", "4/3" ]
		}
,
		"F#" : 		{
			"ratios" : 3,
			"names" : [ "def", "7/5", "10/7" ]
		}
,
		"G" : 		{
			"ratios" : 2,
			"names" : [ "def", "3/2" ]
		}
,
		"G#" : 		{
			"ratios" : 1,
			"names" : [ "def" ]
		}
,
		"A" : 		{
			"ratios" : 3,
			"names" : [ "def", "5/3", "27/16" ]
		}
,
		"A#" : 		{
			"ratios" : 5,
			"names" : [ "def", "9/5", "11/6", "7/4", "9/5" ]
		}
,
		"B" : 		{
			"ratios" : 2,
			"names" : [ "def", "15/8" ]
		}

	}
,
	"C" : [ 1 ],
	"C#" : [ 1.059463, 1.090909090909091, 1.083333333333333, 1.076923076923077, 1.071428571428571, 1.066666666666667 ],
	"D" : [ 1.122462, 1.142857142857143, 1.125, 1.111111111111111, 1.1 ],
	"D#" : [ 1.189207, 1.2, 1.166666666666667 ],
	"E" : [ 1.259921, 1.25, 1.285714285714286 ],
	"F" : [ 1.33484, 1.333333333333333 ],
	"F#" : [ 1.414214, 1.4, 1.428571428571428 ],
	"G" : [ 1.498307, 1.5 ],
	"G#" : [ 1.587401, 1.6 ],
	"A" : [ 1.681793, 1.666666666666667, 1.6875 ],
	"A#" : [ 1.781797, 1.8, 1.833333333333333, 1.75 ],
	"B" : [ 1.887749, 1.875 ]
}
